# Redirects para reorganización del sitio

# Blog - artículos específicos
/blog-ganadero/manejo-animal/*  /contenido/blog/articulos/manejo-animal/:splat  301
/blog-ganadero/*  /contenido/blog/:splat  301
/suplementacion-errores.html  /contenido/guias/suplementacion.html  301

# Equinos
/equinos/*  /productos/equinos/:splat  301

# Fichas técnicas
/fichas-tecnicas/*  /documentos/fichas-tecnicas/:splat  301

# Landing pages
/campana.html  /landing/campanas/campana.html  301
/campaña.html  /landing/campanas/campana.html  301
